URL,Player,From,To,Pos,Ht,Wt,DOB,College
/players/a/acyqu01.html,Quincy Acy,2013,2016,F,6-7,240,October 6  1990,Baylor University
/players/a/adamsjo01.html,Jordan Adams,2015,2016,G,6-5,209,July 8  1994,University of California  Los Angeles
/players/a/adamsst01.html,Steven Adams,2014,2016,C,7-0,255,July 20  1993,University of Pittsburgh
/players/a/adrieje01.html,Jeff Adrien,2011,2015,F,6-7,245,February 10  1986,University of Connecticut
/players/a/afflaar01.html,Arron Afflalo,2008,2016,G,6-5,210,October 15  1985,University of California  Los Angeles
/players/a/ajincal01.html,Alexis Ajinca,2009,2016,C,7-2,248,May 6  1988,
/players/a/akognjo01.html,Josh Akognon,2013,2013,G,5-11,185,February 10  1986,California State University  Fullerton
/players/a/alabiso01.html,Solomon Alabi,2011,2012,C,7-1,251,March 21  1988,Florida State University
/players/a/aldemfu01.html,Furkan Aldemir,2015,2015,F-C,6-10,240,August 9  1991,
/players/a/aldrico01.html,Cole Aldrich,2011,2016,C,6-11,250,October 31  1988,University of Kansas
/players/a/aldrila01.html,LaMarcus Aldridge,2007,2016,F,6-11,240,July 19  1985,University of Texas at Austin
/players/a/alexacl01.html,Cliff Alexander,2016,2016,F,6-8,240,November 16  1995,University of Kansas
/players/a/allenla01.html,Lavoy Allen,2012,2016,F-C,6-9,255,February 4  1989,Temple University
/players/a/allento01.html,Tony Allen,2005,2016,G-F,6-4,213,January 11  1982,Oklahoma State University
/players/a/aminual01.html,Al-Farouq Aminu,2011,2016,F,6-9,215,September 21  1990,Wake Forest University
/players/a/amundlo01.html,Lou Amundson,2007,2016,F,6-9,220,December 7  1982,University of Nevada  Las Vegas
/players/a/anderch01.html,Chris Andersen,2002,2016,F-C,6-10,245,July 7  1978,Blinn College
/players/a/anderal01.html,Alan Anderson,2006,2015,G-F,6-6,220,October 16  1982,Michigan State University
/players/a/anderja01.html,James Anderson,2011,2016,G-F,6-6,213,March 25  1989,Oklahoma State University
/players/a/anderju01.html,Justin Anderson,2016,2016,G,6-6,228,November 19  1993,University of Virginia
/players/a/anderky01.html,Kyle Anderson,2015,2016,G-F,6-9,230,September 20  1993,University of California  Los Angeles
/players/a/anderry01.html,Ryan Anderson,2009,2016,F,6-10,240,May 6  1988,University of California
/players/a/antetgi01.html,Giannis Antetokounmpo,2014,2016,F-G,6-11,222,December 6  1994,
/players/a/antetth01.html,Thanasis Antetokounmpo,2016,2016,F,6-7,205,July 17  1992,
/players/a/anthoca01.html,Carmelo Anthony,2004,2016,F,6-8,240,May 29  1984,Syracuse University
/players/a/anthojo01.html,Joel Anthony,2008,2016,C,6-9,245,August 9  1982,University of Nevada  Las Vegas
/players/a/anticpe01.html,Pero Antic,2014,2015,F,6-11,260,July 29  1982,
/players/a/applike01.html,Keith Appling,2016,2016,G,6-1,185,February 13  1992,Michigan State University
/players/a/arizatr01.html,Trevor Ariza,2005,2016,F,6-8,215,June 30  1985,University of California  Los Angeles
/players/a/armsthi01.html,Hilton Armstrong,2007,2014,F-C,6-11,235,November 11  1984,University of Connecticut
/players/a/arthuda01.html,Darrell Arthur,2009,2016,F,6-9,235,March 25  1988,University of Kansas
/players/a/asikom01.html,Omer Asik,2011,2016,C,7-0,255,July 4  1986,
/players/a/augusdj01.html,D.J. Augustin,2009,2016,G,6-0,183,November 10  1987,University of Texas at Austin
/players/a/ayongu01.html,Gustavo Ayon,2012,2014,C,6-10,250,April 1  1985,
/players/p/pendeje02.html,Jeff Ayres,2010,2016,F,6-9,240,April 29  1987,Arizona State University
/players/b/babbch01.html,Chris Babb,2014,2014,G,6-5,225,February 14  1990,Iowa State University
/players/b/babbilu01.html,Luke Babbitt,2011,2016,F,6-9,225,June 20  1989,University of Nevada  Reno
/players/b/bairsca01.html,Cameron Bairstow,2015,2016,F-C,6-9,250,December 7  1990,University of New Mexico
/players/b/balkmre01.html,Renaldo Balkman,2007,2012,F,6-8,208,July 14  1984,University of South Carolina
/players/b/barbole01.html,Leandro Barbosa,2004,2016,G,6-3,194,November 28  1982,
/players/b/bareajo01.html,J.J. Barea,2007,2016,G,6-0,185,June 26  1984,Northeastern University
/players/b/bargnan01.html,Andrea Bargnani,2007,2016,F-C,7-0,245,October 26  1985,
/players/b/barneha02.html,Harrison Barnes,2013,2016,F,6-8,210,May 30  1992,University of North Carolina
/players/b/barnema02.html,Matt Barnes,2004,2016,F,6-7,226,March 9  1980,University of California  Los Angeles
/players/b/barroea01.html,Earl Barron,2006,2015,C,7-0,250,August 14  1981,University of Memphis
/players/b/bartowi01.html,Will Barton,2013,2016,G,6-6,175,January 6  1991,University of Memphis
/players/b/bassbr01.html,Brandon Bass,2006,2016,F,6-8,250,April 30  1985,Louisiana State University
/players/b/batumni01.html,Nicolas Batum,2009,2016,F-G,6-8,200,December 14  1988,
/players/b/bayleje01.html,Jerryd Bayless,2009,2016,G,6-3,200,August 20  1988,University of Arizona
/players/b/baynear01.html,Aron Baynes,2013,2016,F-C,6-10,260,December 9  1986,Washington State University
/players/b/bazemke01.html,Kent Bazemore,2013,2016,G-F,6-5,201,July 1  1989,Old Dominion University
/players/b/bealbr01.html,Bradley Beal,2013,2016,G,6-5,207,June 28  1993,University of Florida
/players/b/beaslmi01.html,Michael Beasley,2009,2015,F,6-9,235,January 9  1989,Kansas State University
/players/b/beaubro01.html,Rodrigue Beaubois,2010,2013,G,6-0,170,February 24  1988,
/players/b/belinma01.html,Marco Belinelli,2008,2016,G-F,6-5,210,March 25  1986,
/players/b/benimje01.html,Jerrelle Benimon,2015,2015,F,6-8,245,August 1  1991,Towson University
/players/b/bennean01.html,Anthony Bennett,2014,2016,F,6-8,245,March 14  1993,University of Nevada  Las Vegas
/players/b/bensoke02.html,Keith Benson,2012,2012,C,6-11,240,August 13  1988,Oakland University
/players/b/beverpa01.html,Patrick Beverley,2013,2016,G,6-1,185,July 12  1988,University of Arkansas
/players/b/bhullsi01.html,Sim Bhullar,2015,2015,C,7-5,360,December 2  1992,New Mexico State University
/players/b/biedran01.html,Andris Biedrins,2005,2014,C,6-11,240,April 2  1986,
/players/b/biyombi01.html,Bismack Biyombo,2012,2016,C-F,6-9,245,August 28  1992,
/players/b/bjeline01.html,Nemanja Bjelica,2016,2016,F,6-10,240,May 9  1988,
/players/b/blackta01.html,Tarik Black,2015,2016,C-F,6-9,250,November 22  1991,University of Kansas
/players/b/blairde01.html,DeJuan Blair,2010,2016,F-C,6-7,270,April 22  1989,University of Pittsburgh
/players/b/blakest01.html,Steve Blake,2004,2016,G,6-3,172,February 26  1980,University of Maryland
/players/b/blatcan01.html,Andray Blatche,2006,2014,F,6-11,235,August 22  1986,
/players/b/bledser01.html,Eric Bledsoe,2011,2016,G,6-1,190,December 9  1989,University of Kentucky
/players/b/blueva01.html,Vander Blue,2014,2015,G,6-4,200,July 17  1992,Marquette University
/players/b/boganke01.html,Keith Bogans,2004,2014,G-F,6-5,215,May 12  1980,University of Kentucky
/players/b/bogdabo02.html,Bojan Bogdanovic,2015,2016,G-F,6-8,216,April 18  1989,
/players/b/bogutan01.html,Andrew Bogut,2006,2016,C,7-0,260,November 28  1984,University of Utah
/players/b/bonnema01.html,Matt Bonner,2005,2016,F,6-10,235,April 5  1980,University of Florida
/players/b/bookede01.html,Devin Booker,2016,2016,G,6-6,206,October 30  1996,University of Kentucky
/players/b/booketr01.html,Trevor Booker,2011,2016,F,6-8,228,November 25  1987,Clemson University
/players/b/boozeca01.html,Carlos Boozer,2003,2015,F-C,6-9,258,November 20  1981,Duke University
/players/b/boshch01.html,Chris Bosh,2004,2016,F-C,6-11,235,March 24  1984,Georgia Institute of Technology
/players/b/bradlav01.html,Avery Bradley,2011,2016,G,6-2,180,November 26  1990,University of Texas at Austin
/players/b/brandel01.html,Elton Brand,2000,2015,F,6-8,275,March 11  1979,Duke University
/players/b/breweco01.html,Corey Brewer,2008,2016,F-G,6-9,186,March 5  1986,University of Florida
/players/b/brewero02.html,Ronnie Brewer,2007,2014,G-F,6-7,220,March 20  1985,University of Arkansas
/players/b/brookaa01.html,Aaron Brooks,2008,2016,G,6-0,161,January 14  1985,University of Oregon
/players/b/brookma01.html,MarShon Brooks,2012,2014,G-F,6-5,200,January 26  1989,Providence College
/players/b/brownan02.html,Anthony Brown,2016,2016,F,6-7,210,October 10  1992,Stanford University
/players/b/brownja01.html,Jabari Brown,2015,2015,G,6-4,215,December 18  1992,University of Missouri
/players/b/brownlo01.html,Lorenzo Brown,2014,2016,G,6-5,189,August 26  1990,North Carolina State University
/players/b/brownma02.html,Markel Brown,2015,2016,G,6-3,190,January 29  1992,Oklahoma State University
/players/b/brownsh01.html,Shannon Brown,2007,2015,G,6-4,205,November 29  1985,Michigan State University
/players/b/bryanko01.html,Kobe Bryant,1997,2016,G-F,6-6,212,August 23  1978,
/players/b/budinch01.html,Chase Budinger,2010,2016,F,6-7,209,May 22  1988,University of Arizona
/players/b/bullore01.html,Reggie Bullock,2014,2016,G-F,6-7,205,March 16  1991,University of North Carolina
/players/b/burketr01.html,Trey Burke,2014,2016,G,6-1,191,November 12  1992,University of Michigan
/players/b/burksal01.html,Alec Burks,2012,2016,G,6-6,214,July 20  1991,University of Colorado
/players/b/butleca01.html,Caron Butler,2003,2016,F,6-7,228,March 13  1980,University of Connecticut
/players/b/butleji01.html,Jimmy Butler,2012,2016,G-F,6-7,220,September 14  1989,Marquette University
/players/b/butlera01.html,Rasual Butler,2003,2016,G-F,6-7,215,May 23  1979,La Salle University
/players/b/buyckdw01.html,Dwight Buycks,2014,2015,G,6-3,190,March 6  1989,Marquette University
/players/b/byarsde01.html,Derrick Byars,2012,2012,F,6-7,220,April 25  1984,Vanderbilt University
/players/b/bynuman01.html,Andrew Bynum,2006,2014,C,7-0,285,October 27  1987,
/players/b/bynumwi01.html,Will Bynum,2006,2015,G,6-0,185,January 4  1983,Georgia Institute of Technology
/players/c/cabocbr01.html,Bruno Caboclo,2015,2016,F,6-9,205,September 21  1995,
/players/c/calatni01.html,Nick Calathes,2014,2015,G,6-6,213,February 7  1989,University of Florida
/players/c/caldejo01.html,Jose Calderon,2006,2016,G,6-3,200,September 28  1981,
/players/c/caldwke01.html,Kentavious Caldwell-Pope,2014,2016,G,6-5,205,February 18  1993,University of Georgia
/players/c/canaais01.html,Isaiah Canaan,2014,2016,G,6-0,201,May 21  1991,Murray State University
/players/c/capelca01.html,Clint Capela,2015,2016,C,6-10,240,May 18  1994,
/players/c/carrode01.html,DeMarre Carroll,2010,2016,F,6-8,212,July 27  1986,University of Missouri
/players/c/cartevi01.html,Vince Carter,1999,2016,G-F,6-6,220,January 26  1977,University of North Carolina
/players/c/cartemi01.html,Michael Carter-Williams,2014,2016,G,6-6,190,October 10  1991,Syracuse University
/players/c/casspom01.html,Omri Casspi,2010,2016,F,6-9,225,June 22  1988,
/players/c/caulewi01.html,Willie Cauley-Stein,2016,2016,F-C,7-0,240,August 18  1993,University of Kentucky
/players/c/chalmma01.html,Mario Chalmers,2009,2016,G,6-2,190,May 19  1986,University of Kansas
/players/c/chandty01.html,Tyson Chandler,2002,2016,C,7-1,240,October 2  1982,
/players/c/chandwi01.html,Wilson Chandler,2008,2015,F,6-8,225,May 10  1987,DePaul University
/players/c/cherrwi01.html,Will Cherry,2015,2015,G,6-0,185,February 8  1991,University of Montana
/players/c/childjo01.html,Josh Childress,2005,2014,G-F,6-8,210,June 20  1983,Stanford University
/players/c/chrisdi01.html,Dionte Christmas,2014,2014,G,6-5,205,September 15  1986,Temple University
/players/c/chrispa01.html,Patrick Christopher,2015,2015,G-F,6-5,209,June 3  1988,University of California
/players/c/clarkea01.html,Earl Clark,2010,2015,F,6-10,225,January 17  1988,University of Louisville
/players/c/clarkia01.html,Ian Clark,2014,2016,G,6-3,175,March 7  1991,Belmont University
/players/c/clarkjo01.html,Jordan Clarkson,2015,2016,G,6-5,185,June 7  1992,University of Missouri
/players/c/clavevi01.html,Victor Claver,2013,2015,F,6-9,224,August 30  1988,
/players/c/coleno01.html,Norris Cole,2012,2016,G,6-2,175,October 13  1988,Cleveland State University
/players/c/collida01.html,Darren Collison,2010,2016,G,6-0,175,August 23  1987,University of California  Los Angeles
/players/c/collini01.html,Nick Collison,2005,2016,F,6-10,255,October 26  1980,University of Kansas
/players/c/conlemi01.html,Mike Conley,2008,2016,G,6-1,175,October 11  1987,Ohio State University
/players/c/connapa01.html,Pat Connaughton,2016,2016,G,6-5,206,January 6  1993,University of Notre Dame
/players/c/cookbr01.html,Brian Cook,2004,2012,F,6-9,234,December 4  1980,University of Illinois at Urbana-Champaign
/players/c/cookda02.html,Daequan Cook,2008,2013,G,6-5,205,April 28  1987,Ohio State University
/players/c/cooleja01.html,Jack Cooley,2015,2015,F,6-9,260,April 4  1991,University of Notre Dame
/players/c/copelch01.html,Chris Copeland,2013,2016,F,6-9,239,March 17  1984,University of Colorado
/players/c/cottobr01.html,Bryce Cotton,2015,2016,G,6-1,165,August 11  1992,Providence College
/players/c/cousima01.html,Marcus Cousin,2011,2011,C,6-11,245,December 18  1986,University of Houston
/players/c/couside01.html,DeMarcus Cousins,2011,2016,C-F,6-11,270,August 13  1990,University of Kentucky
/players/c/covinro01.html,Robert Covington,2014,2016,F,6-9,215,December 14  1990,Tennessee State University
/players/c/crabbal01.html,Allen Crabbe,2014,2016,G-F,6-6,210,April 9  1992,University of California
/players/c/crawfja01.html,Jamal Crawford,2001,2016,G,6-5,195,March 20  1980,University of Michigan
/players/c/crawfjo02.html,Jordan Crawford,2011,2014,G,6-4,195,October 23  1988,Xavier University
/players/c/crowdja01.html,Jae Crowder,2013,2016,F,6-6,235,July 6  1990,Marquette University
/players/c/cunnida01.html,Dante Cunningham,2010,2016,F,6-8,230,April 22  1987,Villanova University
/players/c/cunnija01.html,Jared Cunningham,2013,2016,G,6-4,195,May 22  1991,Oregon State University
/players/c/curryse01.html,Seth Curry,2014,2016,G,6-2,185,August 23  1990,Duke University
/players/c/curryst01.html,Stephen Curry,2010,2016,G,6-3,185,March 14  1988,Davidson College
/players/d/dalemsa01.html,Samuel Dalembert,2002,2015,C,6-11,255,May 10  1981,Seton Hall University
/players/d/danietr01.html,Troy Daniels,2014,2016,G,6-4,205,July 15  1991,Virginia Commonwealth University
/players/d/datomlu01.html,Luigi Datome,2014,2015,F,6-8,215,November 27  1987,
/players/d/daviebr01.html,Brandon Davies,2014,2015,F,6-10,240,July 25  1991,Brigham Young University
/players/d/davisan02.html,Anthony Davis,2013,2016,F-C,6-10,253,March 11  1993,University of Kentucky
/players/d/davised01.html,Ed Davis,2011,2016,F,6-10,240,June 5  1989,University of North Carolina
/players/d/davisgl01.html,Glen Davis,2008,2015,F,6-9,289,January 1  1986,Louisiana State University
/players/d/dawkian01.html,Andre Dawkins,2015,2015,G,6-5,215,September 19  1991,Duke University
/players/d/dawsobr01.html,Branden Dawson,2016,2016,F,6-6,225,February 1  1993,Michigan State University
/players/d/dawsoer01.html,Eric Dawson,2012,2012,F,6-9,250,July 7  1984,Midwestern State University
/players/d/dayeau01.html,Austin Daye,2010,2015,F,6-11,220,June 5  1988,Gonzaga University
/players/d/decolna01.html,Nando De Colo,2013,2014,G,6-5,200,June 23  1987,
/players/d/dedmode01.html,Dewayne Dedmon,2014,2016,C,7-0,245,August 12  1989,University of Southern California
/players/d/dejeabr01.html,Bryce Dejean-Jones,2016,2016,G,6-6,209,August 21  1992,Iowa State University
/players/d/dekkesa01.html,Sam Dekker,2016,2016,F,6-9,230,May 6  1994,University of Wisconsin
/players/d/delfica01.html,Carlos Delfino,2005,2013,G,6-6,230,August 29  1982,
/players/d/dellama01.html,Matthew Dellavedova,2014,2016,G,6-4,198,September 8  1990,Saint Mary's College of California
/players/d/denglu01.html,Luol Deng,2005,2016,F,6-9,220,April 16  1985,Duke University
/players/d/derozde01.html,DeMar DeRozan,2010,2016,G,6-7,220,August 7  1989,University of Southern California
/players/d/diawbo01.html,Boris Diaw,2004,2016,F-C,6-8,250,April 16  1982,
/players/d/diawaya01.html,Yakhouba Diawara,2007,2010,G-F,6-7,225,August 29  1982,Pepperdine University
/players/d/dienggo01.html,Gorgui Dieng,2014,2016,C,6-11,241,January 18  1990,University of Louisville
/players/d/dinwisp01.html,Spencer Dinwiddie,2015,2016,G,6-6,200,April 6  1993,University of Colorado
/players/d/dioguik01.html,Ike Diogu,2006,2012,F,6-8,250,September 11  1983,Arizona State University
/players/d/dorsejo01.html,Joey Dorsey,2009,2015,F,6-8,268,December 16  1983,University of Memphis
/players/d/douglto01.html,Toney Douglas,2010,2016,G,6-2,195,March 16  1986,Florida State University
/players/d/douglch01.html,Chris Douglas-Roberts,2009,2015,G,6-7,200,January 8  1987,University of Memphis
/players/d/dragigo01.html,Goran Dragic,2009,2016,G,6-3,190,May 6  1986,
/players/d/dragizo01.html,Zoran Dragic,2015,2015,G-F,6-5,200,June 22  1989,
/players/d/drewla02.html,Larry Drew,2015,2015,G,6-2,180,March 5  1990,University of California  Los Angeles
/players/d/drumman01.html,Andre Drummond,2013,2016,C,6-11,279,August 10  1993,University of Connecticut
/players/d/dudleja01.html,Jared Dudley,2008,2016,F-G,6-7,225,July 10  1985,Boston College
/players/d/duncati01.html,Tim Duncan,1998,2016,F-C,6-11,250,April 25  1976,Wake Forest University
/players/d/dunlemi02.html,Mike Dunleavy,2003,2016,F-G,6-9,230,September 15  1980,Duke University
/players/d/duranke01.html,Kevin Durant,2008,2016,F,6-9,240,September 29  1988,University of Texas at Austin
/players/e/earlycl01.html,Cleanthony Early,2015,2016,F,6-8,210,April 17  1991,Wichita State University
/players/e/ebankde01.html,Devin Ebanks,2011,2013,F,6-9,215,October 28  1989,West Virginia University
/players/e/eddieja01.html,Jarell Eddie,2016,2016,G-F,6-7,218,October 30  1991,Virginia Polytechnic Institute and State University
/players/e/edwarsh01.html,Shane Edwards,2014,2014,F,6-7,220,May 31  1987,University of Arkansas at Little Rock
/players/e/ellinwa01.html,Wayne Ellington,2010,2016,G,6-4,200,October 29  1987,University of North Carolina
/players/e/ellismo01.html,Monta Ellis,2006,2016,G,6-3,185,October 26  1985,
/players/e/elyme01.html,Melvin Ely,2003,2014,C,6-10,260,May 2  1978,California State University  Fresno
/players/e/engliki01.html,Kim English,2013,2013,G,6-6,200,September 24  1988,University of Missouri
/players/e/ennisja01.html,James Ennis,2015,2016,F,6-7,210,July 1  1990,California State University  Long Beach
/players/e/ennisty01.html,Tyler Ennis,2015,2016,G,6-3,194,August 24  1994,Syracuse University
/players/e/evansje01.html,Jeremy Evans,2011,2016,F,6-9,196,October 24  1987,Western Kentucky University
/players/e/evansre01.html,Reggie Evans,2003,2015,F,6-8,245,May 18  1980,University of Iowa
/players/e/evansty01.html,Tyreke Evans,2010,2016,G-F,6-6,220,September 19  1989,University of Memphis
/players/e/exumda01.html,Dante Exum,2015,2015,G,6-6,190,July 13  1995,
/players/e/ezelife01.html,Festus Ezeli,2013,2016,C,6-11,255,October 21  1989,Vanderbilt University
/players/f/farieke01.html,Kenneth Faried,2012,2016,F,6-8,228,November 19  1989,Morehead State University
/players/f/farmajo01.html,Jordan Farmar,2007,2015,G,6-2,180,November 30  1986,University of California  Los Angeles
/players/f/favervi01.html,Vitor Faverani,2014,2014,C,6-11,260,May 5  1988,
/players/f/favorde01.html,Derrick Favors,2011,2016,F-C,6-10,265,July 15  1991,Georgia Institute of Technology
/players/f/feliccr01.html,Cristiano Felicio,2016,2016,F-C,6-10,275,July 7  1992,
/players/f/felixca01.html,Carrick Felix,2014,2014,G,6-6,201,August 17  1990,Arizona State University
/players/f/feltora01.html,Raymond Felton,2006,2016,G,6-1,205,June 26  1984,University of North Carolina
/players/f/fesenky01.html,Kyrylo Fesenko,2008,2012,C,7-1,288,December 24  1986,
/players/f/fieldla01.html,Landry Fields,2011,2015,F,6-7,210,June 27  1988,Stanford University
/players/f/forbega01.html,Gary Forbes,2011,2012,F,6-7,220,February 25  1985,University of Massachusetts Amherst
/players/f/fournev01.html,Evan Fournier,2013,2016,G-F,6-7,205,October 29  1992,
/players/f/foyera01.html,Randy Foye,2007,2016,G,6-4,213,September 24  1983,Villanova University
/players/f/frankja01.html,Jamaal Franklin,2014,2015,G,6-5,191,July 21  1991,San Diego State University
/players/f/fraziti01.html,Tim Frazier,2015,2016,G,6-1,170,November 1  1990,Pennsylvania State University
/players/f/fredeji01.html,Jimmer Fredette,2012,2016,G,6-2,195,February 25  1989,Brigham Young University
/players/f/freeljo01.html,Joel Freeland,2013,2015,F-C,6-10,250,February 7  1987,
/players/f/fryech01.html,Channing Frye,2006,2016,F-C,6-11,255,May 17  1983,University of Arizona
/players/g/gadzuda01.html,Dan Gadzuric,2003,2012,C,6-11,240,February 2  1978,University of California  Los Angeles
/players/g/gallida01.html,Danilo Gallinari,2009,2016,F,6-10,225,August 8  1988,
/players/g/gallola01.html,Langston Galloway,2015,2016,G,6-2,200,December 9  1991,Saint Joseph's University
/players/g/garcifr01.html,Francisco Garcia,2006,2015,F-G,6-7,195,December 31  1981,University of Louisville
/players/g/garneke01.html,Kevin Garnett,1996,2016,F,6-11,240,May 19  1976,
/players/g/garredi02.html,Diante Garrett,2013,2014,G,6-4,190,November 3  1988,Iowa State University
/players/g/gasolma01.html,Marc Gasol,2009,2016,C,7-1,255,January 29  1985,
/players/g/gasolpa01.html,Pau Gasol,2002,2016,F-C,7-0,250,July 6  1980,
/players/g/gayru01.html,Rudy Gay,2007,2016,F,6-8,230,August 17  1986,University of Connecticut
/players/g/geeal01.html,Alonzo Gee,2010,2016,G,6-6,225,May 29  1987,University of Alabama
/players/g/gelabmi01.html,Mickael Gelabale,2007,2013,F,6-7,215,May 22  1983,
/players/g/georgpa01.html,Paul George,2011,2016,F,6-9,220,May 2  1990,California State University  Fresno
/players/g/gibsota01.html,Taj Gibson,2010,2016,F,6-9,225,June 24  1985,University of Southern California
/players/g/ginobma01.html,Manu Ginobili,2003,2016,G,6-6,205,July 28  1977,
/players/g/gladnmi01.html,Mickell Gladness,2012,2012,C,6-11,220,July 26  1986,Alabama A&M University
/players/g/goberru01.html,Rudy Gobert,2014,2016,C,7-1,245,June 26  1992,
/players/g/gomesry01.html,Ryan Gomes,2006,2014,F,6-7,250,September 1  1982,Providence College
/players/g/goodedr01.html,Drew Gooden,2003,2016,F,6-10,250,September 24  1981,University of Kansas
/players/g/goodwar01.html,Archie Goodwin,2014,2016,G,6-5,200,August 17  1994,University of Kentucky
/players/g/gordoaa01.html,Aaron Gordon,2015,2016,F,6-9,220,September 16  1995,University of Arizona
/players/g/gordobe01.html,Ben Gordon,2005,2015,G,6-3,200,April 4  1983,University of Connecticut
/players/g/gordodr01.html,Drew Gordon,2015,2015,F,6-9,245,July 12  1990,University of New Mexico
/players/g/gordoer01.html,Eric Gordon,2009,2016,G,6-4,215,December 25  1988,Indiana University
/players/g/gortama01.html,Marcin Gortat,2008,2016,C-F,6-11,240,February 17  1984,
/players/g/goudean01.html,Andrew Goudelock,2012,2013,G,6-3,200,December 7  1988,College of Charleston
/players/g/grangda01.html,Danny Granger,2006,2015,F,6-9,222,April 20  1983,University of New Mexico
/players/g/grantje01.html,Jerami Grant,2015,2016,F,6-8,210,March 12  1994,Syracuse University
/players/g/grantje02.html,Jerian Grant,2016,2016,G,6-4,195,October 9  1992,University of Notre Dame
/players/g/greenda02.html,Danny Green,2010,2016,G-F,6-6,215,June 22  1987,University of North Carolina
/players/g/greendr01.html,Draymond Green,2013,2016,F,6-7,230,March 4  1990,Michigan State University
/players/g/greener01.html,Erick Green,2015,2016,G,6-4,185,May 9  1991,Virginia Polytechnic Institute and State University
/players/g/greenge01.html,Gerald Green,2006,2016,G-F,6-7,205,January 26  1986,
/players/g/greenja01.html,JaMychal Green,2015,2016,F,6-9,227,June 21  1990,University of Alabama
/players/g/greenje02.html,Jeff Green,2008,2016,F,6-9,235,August 28  1986,Georgetown University
/players/g/greenwi01.html,Willie Green,2004,2015,G,6-4,200,July 28  1981,University of Detroit Mercy
/players/g/greendo01.html,Donte Greene,2009,2012,F,6-11,226,February 21  1988,Syracuse University
/players/g/griffbl01.html,Blake Griffin,2011,2016,F,6-10,251,March 16  1989,University of Oklahoma
/players/g/gutiejo01.html,Jorge Gutierrez,2014,2015,G,6-3,191,December 27  1988,University of California
/players/h/hairspj02.html,P.J. Hairston,2015,2016,G-F,6-6,230,December 24  1992,University of North Carolina
/players/h/hamiljo02.html,Jordan Hamilton,2012,2015,G-F,6-7,220,October 6  1990,University of Texas at Austin
/players/h/hamilju01.html,Justin Hamilton,2014,2015,C,7-0,260,April 1  1990,Louisiana State University
/players/h/hansbbe01.html,Ben Hansbrough,2013,2013,G,6-3,203,December 23  1987,University of Notre Dame
/players/h/hansbty01.html,Tyler Hansbrough,2010,2016,F,6-9,250,November 3  1985,University of North Carolina
/players/h/hardati02.html,Tim Hardaway,2014,2016,G,6-6,205,March 16  1992,University of Michigan
/players/h/hardeja01.html,James Harden,2010,2016,G,6-5,220,August 26  1989,Arizona State University
/players/h/harklma01.html,Maurice Harkless,2013,2016,F-G,6-9,215,May 11  1993,St. John's University
/players/h/harpeju01.html,Justin Harper,2012,2012,F,6-10,225,August 30  1989,University of Richmond
/players/h/harremo01.html,Montrezl Harrell,2016,2016,F,6-8,240,January 26  1994,University of Louisville
/players/h/harrejo01.html,Josh Harrellson,2012,2014,C,6-10,275,February 12  1989,University of Kentucky
/players/h/harride01.html,Devin Harris,2005,2016,G,6-3,192,February 27  1983,University of Wisconsin
/players/h/harriel01.html,Elias Harris,2014,2014,F,6-8,239,July 6  1989,Gonzaga University
/players/h/harriga01.html,Gary Harris,2015,2016,G,6-4,210,September 14  1994,Michigan State University
/players/h/harrijo01.html,Joe Harris,2015,2016,G,6-6,219,September 7  1991,University of Virginia
/players/h/harrima01.html,Manny Harris,2011,2014,G,6-5,185,September 21  1989,University of Michigan
/players/h/harrimi01.html,Mike Harris,2008,2014,F,6-6,240,June 15  1983,Rice University
/players/h/harrite01.html,Terrel Harris,2012,2013,G,6-5,190,August 10  1987,Oklahoma State University
/players/h/harrito02.html,Tobias Harris,2012,2016,F,6-9,235,July 15  1992,University of Tennessee
/players/h/harriaa01.html,Aaron Harrison,2016,2016,G,6-6,210,October 28  1994,University of Kentucky
/players/h/hasleud01.html,Udonis Haslem,2004,2016,F,6-8,235,June 9  1980,University of Florida
/players/h/hawessp01.html,Spencer Hawes,2008,2016,C-F,7-1,245,April 28  1988,University of Washington
/players/h/hayesch01.html,Chuck Hayes,2006,2016,F-C,6-6,240,June 11  1983,University of Kentucky
/players/h/haywago01.html,Gordon Hayward,2011,2016,F-G,6-8,226,March 23  1990,Butler University
/players/h/haywobr01.html,Brendan Haywood,2002,2015,C,7-0,268,November 27  1979,University of North Carolina
/players/h/hendege02.html,Gerald Henderson,2010,2016,G,6-5,215,December 9  1987,Duke University
/players/h/henryxa01.html,Xavier Henry,2011,2015,G,6-6,220,March 15  1991,University of Kansas
/players/h/hensojo01.html,John Henson,2013,2016,F,6-11,229,December 28  1990,University of North Carolina
/players/h/hezonma01.html,Mario Hezonja,2016,2016,F-G,6-8,215,February 25  1995,
/players/h/hibbero01.html,Roy Hibbert,2009,2016,C,7-2,270,December 11  1986,Georgetown University
/players/h/hicksjj01.html,J.J. Hickson,2009,2016,F,6-9,242,September 4  1988,North Carolina State University
/players/h/hilarne01.html,Nene Hilario,2003,2016,F-C,6-11,250,September 13  1982,
/players/h/hillge01.html,George Hill,2009,2016,G,6-3,188,May 4  1986,Indiana University-Purdue University Indianapolis
/players/h/hilljo01.html,Jordan Hill,2010,2016,C-F,6-10,235,July 27  1987,University of Arizona
/players/h/hillso01.html,Solomon Hill,2014,2016,F,6-7,225,March 18  1991,University of Arizona
/players/h/hillida01.html,Darrun Hilliard,2016,2016,G,6-6,205,April 13  1993,Villanova University
/players/h/hinriki01.html,Kirk Hinrich,2004,2016,G,6-4,190,January 2  1981,University of Kansas
/players/h/holidjr01.html,Jrue Holiday,2010,2016,G,6-4,205,June 12  1990,University of California  Los Angeles
/players/h/holidju01.html,Justin Holiday,2013,2016,G-F,6-6,185,April 5  1989,University of Washington
/players/h/holliry01.html,Ryan Hollins,2007,2016,C,7-0,240,October 10  1984,University of California  Los Angeles
/players/h/holliro01.html,Rondae Hollis-Jefferson,2016,2016,F,6-7,220,January 3  1995,University of Arizona
/players/h/holmeri01.html,Richaun Holmes,2016,2016,F,6-10,245,October 15  1993,Bowling Green State University
/players/h/hoodro01.html,Rodney Hood,2015,2016,G-F,6-8,206,October 20  1992,Duke University
/players/h/hopsosc01.html,Scotty Hopson,2014,2014,G,6-7,204,August 8  1989,University of Tennessee
/players/h/horfoal01.html,Al Horford,2008,2016,F-C,6-10,245,June 3  1986,University of Florida
/players/h/howardw01.html,Dwight Howard,2005,2016,C-F,6-11,265,December 8  1985,
/players/h/howarjo01.html,Josh Howard,2004,2013,F-G,6-7,210,April 28  1980,Wake Forest University
/players/h/hudsole01.html,Lester Hudson,2010,2015,G,6-3,190,August 7  1984,University of Tennessee at Martin
/players/h/huertma01.html,Marcelo Huertas,2016,2016,G,6-3,185,May 25  1983,
/players/h/hummero01.html,Robbie Hummel,2014,2015,F,6-8,215,March 8  1989,Purdue University
/players/h/humphkr01.html,Kris Humphries,2005,2016,F,6-9,235,February 6  1985,University of Minnesota
/players/h/hunterj01.html,R.J. Hunter,2016,2016,G,6-5,185,October 24  1993,Georgia State University
/players/i/ibakase01.html,Serge Ibaka,2010,2016,F,6-10,245,September 18  1989,
/players/i/iguodan01.html,Andre Iguodala,2005,2016,G-F,6-6,207,January 28  1984,University of Arizona
/players/m/mbengdj01.html,Didier Ilunga-Mbenga,2005,2011,C,7-0,245,December 30  1980,
/players/i/ilyaser01.html,Ersan Ilyasova,2007,2016,F,6-10,235,May 15  1987,
/players/i/inglejo01.html,Joe Ingles,2015,2016,F-G,6-8,226,October 2  1987,
/players/i/inglida01.html,Damien Inglis,2016,2016,F,6-8,246,May 20  1995,
/players/i/irvinky01.html,Kyrie Irving,2012,2016,G,6-3,193,March 23  1992,Duke University
/players/j/jackja01.html,Jarrett Jack,2006,2016,G,6-3,200,October 28  1983,Georgia Institute of Technology
/players/j/jacksda01.html,Darnell Jackson,2009,2011,F,6-9,253,November 7  1985,University of Kansas
/players/j/jacksre01.html,Reggie Jackson,2012,2016,G,6-3,208,April 16  1990,Boston College
/players/j/jamesbe01.html,Bernard James,2013,2015,C,6-10,240,February 7  1985,Florida State University
/players/j/jamesda01.html,Damion James,2011,2014,G-F,6-7,225,October 7  1987,University of Texas at Austin
/players/j/jamesle01.html,LeBron James,2004,2016,F-G,6-8,250,December 30  1984,
/players/j/jamesmi01.html,Mike James,2002,2014,G,6-2,188,June 23  1975,Duquesne University
/players/j/jeffeot01.html,Othyus Jeffers,2010,2014,G,6-5,200,August 5  1985,Robert Morris University (IL)
/players/j/jeffeal01.html,Al Jefferson,2005,2016,C-F,6-10,289,January 4  1985,
/players/j/jeffeco01.html,Cory Jefferson,2015,2016,F,6-9,218,December 26  1990,Baylor University
/players/j/jefferi01.html,Richard Jefferson,2002,2016,F,6-7,233,June 21  1980,University of Arizona
/players/j/jenkich01.html,Charles Jenkins,2012,2013,G,6-3,220,February 28  1989,Hofstra University
/players/j/jenkijo01.html,John Jenkins,2013,2016,G,6-4,215,March 6  1991,Vanderbilt University
/players/j/jennibr01.html,Brandon Jennings,2010,2016,G,6-1,169,September 23  1989,
/players/j/jerebjo01.html,Jonas Jerebko,2010,2016,F,6-10,231,March 2  1987,
/players/j/jerregr01.html,Grant Jerrett,2015,2015,F,6-10,235,July 8  1993,University of Arizona
/players/j/johnsam01.html,Amir Johnson,2006,2016,F,6-9,240,May 1  1987,
/players/j/johnsch03.html,Chris Johnson,2011,2013,C,6-11,210,July 15  1985,Louisiana State University
/players/j/johnsch04.html,Chris Johnson,2013,2016,F-G,6-6,206,April 29  1990,University of Dayton
/players/j/johnsiv01.html,Ivan Johnson,2012,2013,F,6-8,230,April 10  1984,University of Oregon
/players/j/johnsja01.html,James Johnson,2010,2016,F,6-9,250,February 20  1987,Wake Forest University
/players/j/johnsjo02.html,Joe Johnson,2002,2016,G-F,6-7,240,June 29  1981,University of Arkansas
/players/j/johnsni01.html,Nick Johnson,2015,2015,G,6-3,202,December 22  1992,University of Arizona
/players/j/johnsor01.html,Orlando Johnson,2013,2016,G,6-5,220,March 11  1989,University of California  Santa Barbara
/players/j/johnsst04.html,Stanley Johnson,2016,2016,F,6-7,245,May 29  1996,University of Arizona
/players/j/johnstr01.html,Trey Johnson,2009,2012,G,6-5,218,August 30  1984,Jackson State University
/players/j/johnsty01.html,Tyler Johnson,2015,2016,G,6-4,186,May 7  1992,California State University  Fresno
/players/j/johnswe01.html,Wesley Johnson,2011,2016,F-G,6-7,215,July 11  1987,Syracuse University
/players/j/johnsda03.html,Darius Johnson-Odom,2013,2014,G,6-2,215,September 28  1989,Marquette University
/players/j/jokicni01.html,Nikola Jokic,2016,2016,C,6-10,250,February 19  1995,
/players/j/jonesda02.html,Dahntay Jones,2004,2015,G-F,6-6,225,December 27  1980,Duke University
/players/j/jonesde01.html,DeQuan Jones,2013,2013,F,6-8,221,June 20  1990,University of Miami
/players/j/jonesja02.html,James Jones,2004,2016,F-G,6-8,218,October 4  1980,University of Miami
/players/j/joneske01.html,Kevin Jones,2013,2013,F,6-8,251,August 25  1989,West Virginia University
/players/j/jonespe01.html,Perry Jones,2013,2015,F,6-11,235,September 24  1991,Baylor University
/players/j/jonesso01.html,Solomon Jones,2007,2014,F,6-10,230,July 16  1984,University of South Florida
/players/j/joneste01.html,Terrence Jones,2013,2016,F,6-9,252,January 9  1992,University of Kentucky
/players/j/jonesty01.html,Tyus Jones,2016,2016,G,6-2,195,May 10  1996,Duke University
/players/j/jordade01.html,DeAndre Jordan,2009,2016,C,6-11,265,July 21  1988,Texas A&M University
/players/j/jordaje01.html,Jerome Jordan,2012,2015,C,7-0,253,September 29  1986,University of Tulsa
/players/j/josepco01.html,Cory Joseph,2012,2016,G,6-3,190,August 20  1991,University of Texas at Austin
/players/j/josepkr01.html,Kris Joseph,2013,2013,F,6-7,210,December 17  1988,Syracuse University
/players/k/kamanch01.html,Chris Kaman,2004,2016,C,7-0,265,April 28  1982,Central Michigan University
/players/k/kaminfr01.html,Frank Kaminsky,2016,2016,F-C,7-0,242,April 4  1993,University of Wisconsin
/players/k/kanteen01.html,Enes Kanter,2012,2016,C,6-11,245,May 20  1992,
/players/k/kaponja01.html,Jason Kapono,2004,2012,F,6-8,213,February 4  1981,University of California  Los Angeles
/players/k/karasse01.html,Sergey Karasev,2014,2016,G-F,6-7,208,October 26  1993,
/players/k/kaunsa01.html,Sasha Kaun,2016,2016,C,6-11,260,May 8  1985,University of Kansas
/players/k/kellyry01.html,Ryan Kelly,2014,2016,F,6-11,230,April 9  1991,Duke University
/players/k/kennedj01.html,D.J. Kennedy,2012,2012,F,6-6,215,November 5  1989,St. John's University
/players/k/kiddgmi01.html,Michael Kidd-Gilchrist,2013,2016,F,6-7,232,September 26  1993,University of Kentucky
/players/k/kilpase01.html,Sean Kilpatrick,2015,2016,G,6-4,210,January 6  1990,University of Cincinnati
/players/k/kirkal01.html,Alex Kirk,2015,2015,C,7-0,245,November 14  1991,University of New Mexico
/players/k/kleizli01.html,Linas Kleiza,2006,2013,F,6-8,245,January 3  1985,University of Missouri
/players/k/knighbr03.html,Brandon Knight,2012,2016,G,6-3,189,December 2  1991,University of Kentucky
/players/k/korveky01.html,Kyle Korver,2004,2016,G-F,6-7,212,March 17  1981,Creighton University
/players/k/koufoko01.html,Kosta Koufos,2009,2016,C,7-0,265,February 24  1989,Ohio State University
/players/k/kravtvi01.html,Viacheslav Kravtsov,2013,2014,C,7-0,260,August 25  1987,
/players/k/kuzmiog01.html,Ognjen Kuzmic,2014,2015,C,7-1,251,May 16  1990,
/players/l/lambdo01.html,Doron Lamb,2013,2014,G,6-4,210,November 6  1991,University of Kentucky
/players/l/lambje01.html,Jeremy Lamb,2013,2016,G-F,6-5,185,May 30  1992,University of Connecticut
/players/l/landrca01.html,Carl Landry,2008,2016,F,6-9,248,September 19  1983,Purdue University
/players/l/landrma01.html,Marcus Landry,2010,2010,F,6-7,230,November 1  1985,University of Wisconsin
/players/l/larkish01.html,Shane Larkin,2014,2016,G,5-11,175,October 2  1992,University of Miami
/players/l/lauvejo01.html,Joffrey Lauvergne,2015,2016,F,6-11,220,September 30  1991,
/players/l/lavinza01.html,Zach LaVine,2015,2016,G,6-5,189,March 10  1995,University of California  Los Angeles
/players/l/lawalga01.html,Gani Lawal,2011,2011,F,6-9,234,November 7  1988,Georgia Institute of Technology
/players/l/lawsoty01.html,Ty Lawson,2010,2016,G,5-11,195,November 3  1987,University of North Carolina
/players/l/ledori01.html,Ricky Ledo,2014,2015,G,6-7,195,September 10  1992,
/players/l/leeco01.html,Courtney Lee,2009,2016,G,6-5,200,October 3  1985,Western Kentucky University
/players/l/leeda02.html,David Lee,2006,2016,F,6-9,245,April 29  1983,University of Florida
/players/l/leema01.html,Malcolm Lee,2012,2015,G,6-5,200,May 22  1990,University of California  Los Angeles
/players/l/lenal01.html,Alex Len,2014,2016,C,7-1,260,June 16  1993,University of Maryland
/players/l/leonaka01.html,Kawhi Leonard,2012,2016,F,6-7,230,June 29  1991,San Diego State University
/players/l/leoname01.html,Meyers Leonard,2013,2016,C,7-1,245,February 27  1992,University of Illinois at Urbana-Champaign
/players/l/leuerjo01.html,Jon Leuer,2012,2016,F,6-10,228,May 14  1989,University of Wisconsin
/players/l/liggide01.html,DeAndre Liggins,2012,2014,G,6-6,209,March 31  1988,University of Kentucky
/players/l/lillada01.html,Damian Lillard,2013,2016,G,6-3,195,July 15  1990,Weber State University
/players/l/linje01.html,Jeremy Lin,2011,2016,G,6-3,200,August 23  1988,Harvard University
/players/l/livinsh01.html,Shaun Livingston,2005,2016,G,6-7,182,September 11  1985,
/players/l/looneke01.html,Kevon Looney,2016,2016,F,6-9,220,February 6  1996,University of California  Los Angeles
/players/l/lopezbr01.html,Brook Lopez,2009,2016,C,7-0,275,April 1  1988,Stanford University
/players/l/lopezro01.html,Robin Lopez,2009,2016,C,7-0,255,April 1  1988,Stanford University
/players/l/loveke01.html,Kevin Love,2009,2016,F,6-10,251,September 7  1988,University of California  Los Angeles
/players/l/lowryky01.html,Kyle Lowry,2007,2016,G,6-0,205,March 25  1986,Villanova University
/players/l/lucaska01.html,Kalin Lucas,2015,2015,G,6-1,195,May 24  1989,Michigan State University
/players/l/lucasjo02.html,John Lucas III,2006,2015,G,5-11,165,November 21  1982,Oklahoma State University
/players/l/lylestr01.html,Trey Lyles,2016,2016,F,6-10,234,November 5  1995,University of Kentucky
/players/m/machasc01.html,Scott Machado,2013,2013,G,6-1,205,June 8  1990,Iona College
/players/m/macksh01.html,Shelvin Mack,2012,2016,G,6-3,203,April 22  1990,Butler University
/players/m/macklve01.html,Vernon Macklin,2012,2012,F,6-10,227,September 20  1986,University of Florida
/players/m/mahinia01.html,Ian Mahinmi,2008,2016,C,6-11,250,November 5  1986,
/players/m/marblde01.html,Devyn Marble,2015,2016,G-F,6-6,200,September 21  1992,University of Iowa
/players/m/marjabo01.html,Boban Marjanovic,2016,2016,C,7-3,290,August 15  1988,
/players/m/marshke01.html,Kendall Marshall,2013,2016,G,6-4,200,August 19  1991,University of North Carolina
/players/m/martica01.html,Cartier Martin,2009,2015,F,6-7,220,November 20  1984,Kansas State University
/players/m/martija01.html,Jarell Martin,2016,2016,F,6-10,239,May 24  1994,Louisiana State University
/players/m/martike02.html,Kevin Martin,2005,2016,G,6-7,199,February 1  1983,Western Carolina University
/players/m/matthwe02.html,Wesley Matthews,2010,2016,G,6-5,220,October 14  1986,Marquette University
/players/m/maxieja01.html,Jason Maxiell,2006,2015,F,6-7,260,February 18  1983,University of Cincinnati
/players/m/maynoer01.html,Eric Maynor,2010,2014,G,6-3,175,June 11  1987,Virginia Commonwealth University
/players/m/mayooj01.html,O.J. Mayo,2009,2016,G,6-5,210,November 5  1987,University of Southern California
/players/m/mbahalu01.html,Luc Mbah a Moute,2009,2016,F,6-8,230,September 9  1986,University of California  Los Angeles
/players/m/mcadoja01.html,James Michael McAdoo,2015,2016,F,6-9,230,January 4  1993,University of North Carolina
/players/m/mccalra01.html,Ray McCallum,2014,2016,G,6-3,190,June 12  1991,University of Detroit Mercy
/players/m/mccolcj01.html,C.J. McCollum,2014,2016,G,6-4,200,September 19  1991,Lehigh University
/players/m/mccontj01.html,T.J. McConnell,2016,2016,G,6-2,200,March 25  1992,University of Arizona
/players/m/mcculch01.html,Chris McCullough,2016,2016,F,6-11,200,February 5  1995,Syracuse University
/players/m/mcdankj01.html,K.J. McDaniels,2015,2016,G-F,6-6,205,February 9  1993,Clemson University
/players/m/mcderdo01.html,Doug McDermott,2015,2016,F,6-8,225,January 3  1992,Creighton University
/players/m/mcgarmi01.html,Mitch McGary,2015,2016,F,6-10,255,June 6  1992,University of Michigan
/players/m/mcgeeja01.html,JaVale McGee,2009,2016,C,7-0,270,January 19  1988,University of Nevada  Reno
/players/m/mcguido01.html,Dominic McGuire,2008,2013,F,6-9,220,October 20  1985,California State University  Fresno
/players/m/mclembe01.html,Ben McLemore,2014,2016,G,6-5,195,February 11  1993,University of Kansas
/players/m/mcneaje01.html,Jerel McNeal,2015,2015,G,6-3,200,June 1  1987,Marquette University
/players/m/mcraejo01.html,Jordan McRae,2016,2016,G,6-6,185,March 28  1991,University of Tennessee
/players/m/mcrobjo01.html,Josh McRoberts,2008,2016,F,6-10,240,February 28  1987,Duke University
/players/m/meeksjo01.html,Jodie Meeks,2010,2016,G,6-4,208,August 21  1987,University of Kentucky
/players/m/mejrisa01.html,Salah Mejri,2016,2016,C,7-1,245,June 15  1986,
/players/m/mekelga01.html,Gal Mekel,2014,2015,G,6-3,191,March 4  1988,Wichita State University
/players/m/melofa01.html,Fab Melo,2013,2013,C,7-0,255,June 20  1990,Syracuse University
/players/m/mensapo01.html,Pops Mensah-Bonsu,2007,2011,F,6-9,240,September 7  1983,George Washington University
/players/m/mickejo01.html,Jordan Mickey,2016,2016,F,6-8,235,July 9  1994,Louisiana State University
/players/m/middlkh01.html,Khris Middleton,2013,2016,F-G,6-8,234,August 12  1991,Texas A&M University
/players/m/milescj01.html,C.J. Miles,2006,2016,G-F,6-6,231,April 18  1987,
/players/m/millean02.html,Andre Miller,2000,2016,G,6-3,200,March 19  1976,University of Utah
/players/m/milleda01.html,Darius Miller,2013,2015,F,6-8,235,March 21  1990,University of Kentucky
/players/m/millemi01.html,Mike Miller,2001,2016,F-G,6-8,218,February 19  1980,University of Florida
/players/m/millequ01.html,Quincy Miller,2013,2015,F,6-9,210,November 18  1992,Baylor University
/players/m/millspa02.html,Patrick Mills,2010,2016,G,6-0,185,August 11  1988,Saint Mary's College of California
/players/m/millsel01.html,Elijah Millsap,2015,2016,G-F,6-6,225,August 12  1987,University of Alabama at Birmingham
/players/m/millspa01.html,Paul Millsap,2007,2016,F,6-8,246,February 10  1985,Louisiana Tech University
/players/m/mirotni01.html,Nikola Mirotic,2015,2016,F,6-10,220,February 11  1991,
/players/m/mitchto03.html,Tony Mitchell,2014,2014,F,6-6,216,August 7  1989,University of Alabama
/players/m/mitchto02.html,Tony Mitchell,2014,2014,F,6-8,235,April 7  1992,University of North Texas
/players/m/mohamna01.html,Nazr Mohammed,1999,2015,C,6-10,221,September 5  1977,University of Kentucky
/players/m/monrogr01.html,Greg Monroe,2011,2016,C-F,6-11,265,June 4  1990,Georgetown University
/players/m/montelu01.html,Luis Montero,2016,2016,G,6-7,185,April 6  1993,Westchester CC
/players/m/mooreet01.html,E'Twaun Moore,2012,2016,G,6-4,191,February 28  1989,Purdue University
/players/m/moreler01.html,Eric Moreland,2015,2016,F-C,6-10,238,December 24  1991,Oregon State University
/players/m/morrida01.html,Darius Morris,2012,2015,G,6-4,190,January 3  1991,University of Michigan
/players/m/morrima03.html,Marcus Morris,2012,2016,F,6-9,235,September 2  1989,University of Kansas
/players/m/morrima02.html,Markieff Morris,2012,2016,F,6-10,245,September 2  1989,University of Kansas
/players/m/morroan01.html,Anthony Morrow,2009,2016,G,6-5,210,September 27  1985,Georgia Institute of Technology
/players/m/motiedo01.html,Donatas Motiejunas,2013,2016,F-C,7-0,222,September 20  1990,
/players/m/moultar01.html,Arnett Moultrie,2013,2014,F,6-11,249,November 18  1990,Mississippi State University
/players/m/mozgoti01.html,Timofey Mozgov,2011,2016,C,7-1,275,July 16  1986,
/players/m/mudiaem01.html,Emmanuel Mudiay,2016,2016,G,6-5,200,March 5  1996,
/players/m/muhamsh01.html,Shabazz Muhammad,2014,2016,G-F,6-6,223,November 13  1992,University of California  Los Angeles
/players/m/mulleby01.html,Byron Mullens,2010,2014,C,7-0,275,February 14  1989,Ohio State University
/players/m/murpher01.html,Erik Murphy,2014,2014,F,6-10,230,October 26  1990,University of Florida
/players/m/murphke01.html,Kevin Murphy,2013,2013,G,6-6,185,March 6  1990,Tennessee Technological University
/players/m/murryto01.html,Toure' Murry,2014,2015,G-F,6-5,195,November 8  1989,Wichita State University
/players/m/muscami01.html,Mike Muscala,2014,2016,F-C,6-11,240,July 1  1991,Bucknell University
/players/n/ndiayha01.html,Hamady N'Diaye,2011,2014,C,7-0,235,January 12  1987,Rutgers University
/players/n/nancela02.html,Larry Nance Jr.,2016,2016,F,6-9,230,January 1  1993,University of Wyoming
/players/n/napiesh01.html,Shabazz Napier,2015,2016,G,6-1,175,July 14  1991,University of Connecticut
/players/n/nealga01.html,Gary Neal,2011,2016,G,6-4,210,October 3  1984,Towson University
/players/n/nedovne01.html,Nemanja Nedovic,2014,2014,G,6-3,192,June 16  1991,
/players/n/nelsoja01.html,Jameer Nelson,2005,2016,G,6-0,190,February 9  1982,Saint Joseph's University
/players/n/netora01.html,Raul Neto,2016,2016,G,6-1,179,May 19  1992,
/players/n/nichoan01.html,Andrew Nicholson,2013,2016,F,6-9,250,December 8  1989,St. Bonaventure University
/players/n/noahjo01.html,Joakim Noah,2008,2016,C,6-11,232,February 25  1985,University of Florida
/players/n/noelne01.html,Nerlens Noel,2015,2016,F-C,6-11,228,April 10  1994,University of Kentucky
/players/n/noguelu01.html,Lucas Nogueira,2015,2016,C,7-0,220,July 26  1992,
/players/n/novakst01.html,Steve Novak,2007,2016,F,6-10,225,June 13  1983,Marquette University
/players/n/nowitdi01.html,Dirk Nowitzki,1999,2016,F,7-0,245,June 19  1978,
/players/n/nunnaja01.html,James Nunnally,2014,2014,F,6-7,205,July 14  1990,University of California  Santa Barbara
/players/n/nurkiju01.html,Jusuf Nurkic,2015,2016,C,7-0,280,August 23  1994,
/players/o/obriejj01.html,J.J. O'Brien,2016,2016,F,6-7,228,April 8  1992,San Diego State University
/players/o/obryajo01.html,Johnny O'Bryant,2015,2016,F-C,6-9,257,June 1  1993,Louisiana State University
/players/o/obryapa01.html,Patrick O'Bryant,2007,2010,C,7-0,260,June 20  1986,Bradley University
/players/o/onealje01.html,Jermaine O'Neal,1997,2014,F-C,6-11,226,October 13  1978,
/players/o/oquinky01.html,Kyle O'Quinn,2013,2016,C,6-10,250,March 26  1990,Norfolk State University
/players/o/odengr01.html,Greg Oden,2009,2014,C,7-0,250,January 22  1988,Ohio State University
/players/o/ohlbrti01.html,Tim Ohlbrecht,2013,2013,C,6-11,255,August 30  1988,
/players/o/okafoja01.html,Jahlil Okafor,2016,2016,C,6-11,275,December 15  1995,Duke University
/players/o/oladivi01.html,Victor Oladipo,2014,2016,G,6-4,210,May 4  1992,Indiana University
/players/o/olynyke01.html,Kelly Olynyk,2014,2016,F,7-0,238,April 19  1991,Gonzaga University
/players/o/onuakar01.html,Arinze Onuaku,2014,2015,F,6-9,275,July 13  1987,Syracuse University
/players/o/ortonda01.html,Daniel Orton,2012,2014,F,6-10,255,August 6  1990,University of Kentucky
/players/o/oubreke01.html,Kelly Oubre,2016,2016,F,6-7,205,December 9  1995,University of Kansas
/players/o/outlatr01.html,Travis Outlaw,2004,2014,F,6-9,210,September 18  1984,
/players/p/pachuza01.html,Zaza Pachulia,2004,2016,C,6-11,270,February 10  1984,
/players/p/papanko01.html,Kostas Papanikolaou,2015,2016,F,6-8,225,July 31  1990,
/players/p/pargoja01.html,Jannero Pargo,2003,2015,G,6-1,175,October 22  1979,University of Arkansas
/players/p/parkeja01.html,Jabari Parker,2015,2016,F,6-8,250,March 15  1995,Duke University
/players/p/parketo01.html,Tony Parker,2002,2016,G,6-2,185,May 17  1982,
/players/p/parsoch01.html,Chandler Parsons,2012,2016,F,6-9,227,October 25  1988,University of Florida
/players/p/pattela01.html,Lamar Patterson,2016,2016,G-F,6-5,225,August 12  1991,University of Pittsburgh
/players/p/pattepa01.html,Patrick Patterson,2011,2016,F,6-9,235,March 14  1989,University of Kentucky
/players/p/paulch01.html,Chris Paul,2006,2016,G,6-0,175,May 6  1985,Wake Forest University
/players/p/pavloal01.html,Sasha Pavlovic,2004,2013,G-F,6-8,220,November 15  1983,
/players/p/paynead01.html,Adreian Payne,2015,2016,F,6-10,237,February 19  1991,Michigan State University
/players/p/payneca01.html,Cameron Payne,2016,2016,G,6-3,185,August 8  1994,Murray State University
/players/p/paytoel01.html,Elfrid Payton,2015,2016,G,6-4,185,February 22  1994,University of Louisiana at Lafayette
/players/p/pecheol01.html,Oleksiy Pecherov,2008,2010,C,7-0,232,December 8  1985,
/players/p/pekovni01.html,Nikola Pekovic,2011,2016,C,6-11,307,January 3  1986,
/players/p/perkike01.html,Kendrick Perkins,2004,2016,C,6-10,270,November 10  1984,
/players/p/petrojo01.html,Johan Petro,2006,2013,C,7-0,247,January 27  1986,
/players/p/piercpa01.html,Paul Pierce,1999,2016,F-G,6-7,235,October 13  1977,University of Kansas
/players/p/pietrmi01.html,Mickael Pietrus,2004,2013,G-F,6-6,215,February 7  1982,
/players/p/pittmde01.html,Dexter Pittman,2011,2014,C,6-11,308,March 2  1988,University of Texas at Austin
/players/p/pleisti01.html,Tibor Pleiss,2016,2016,C,7-3,256,November 2  1989,
/players/p/plumlma01.html,Mason Plumlee,2014,2016,F,6-11,245,March 5  1990,Duke University
/players/p/plumlmi01.html,Miles Plumlee,2013,2016,C-F,6-11,249,September 1  1988,Duke University
/players/p/pondequ01.html,Quincy Pondexter,2011,2015,G-F,6-7,220,March 10  1988,University of Washington
/players/p/porteot01.html,Otto Porter,2014,2016,F,6-8,198,June 3  1993,Georgetown University
/players/p/portibo01.html,Bobby Portis,2016,2016,F,6-11,230,February 10  1995,University of Arkansas
/players/p/porzikr01.html,Kristaps Porzingis,2016,2016,F-C,7-3,240,August 2  1995,
/players/p/poweldw01.html,Dwight Powell,2015,2016,F,6-11,240,July 20  1991,Stanford University
/players/p/poweljo01.html,Josh Powell,2006,2014,F,6-9,225,January 25  1983,North Carolina State University
/players/p/powelno01.html,Norman Powell,2016,2016,G,6-4,215,May 25  1993,University of California  Los Angeles
/players/p/pressph01.html,Phil Pressey,2014,2016,G,5-11,175,February 17  1991,University of Missouri
/players/p/priceaj01.html,A.J. Price,2010,2015,G,6-2,181,October 7  1986,University of Connecticut
/players/p/pricero01.html,Ronnie Price,2006,2016,G,6-2,190,June 21  1983,Utah Valley State College
/players/p/prigipa01.html,Pablo Prigioni,2013,2016,G,6-3,185,May 17  1977,
/players/p/princta01.html,Tayshaun Prince,2003,2016,F,6-9,212,February 28  1980,University of Kentucky
/players/r/radulmi01.html,Miroslav Raduljica,2014,2015,C,7-0,250,January 5  1988,
/players/r/randlju01.html,Julius Randle,2015,2016,F,6-9,250,November 29  1994,University of Kentucky
/players/r/randoan01.html,Anthony Randolph,2009,2014,F,6-10,205,July 15  1989,Louisiana State University
/players/r/randosh01.html,Shavlik Randolph,2006,2015,F,6-10,240,November 24  1983,Duke University
/players/r/randoza01.html,Zach Randolph,2002,2016,F,6-9,260,July 16  1981,Michigan State University
/players/r/redicjj01.html,J.J. Redick,2007,2016,G,6-4,190,June 24  1984,Duke University
/players/r/reedwi02.html,Willie Reed,2016,2016,PF,6-10,220,May 16  1990,Saint Louis University
/players/r/ricegl02.html,Glen Rice,2014,2015,G,6-6,206,January 1  1991,Georgia Institute of Technology
/players/r/richajo01.html,Josh Richardson,2016,2016,G,6-6,200,September 15  1993,University of Tennessee
/players/r/ridnolu01.html,Luke Ridnour,2004,2015,G,6-2,175,February 13  1981,University of Oregon
/players/r/riverau01.html,Austin Rivers,2013,2016,G,6-4,200,August 1  1992,Duke University
/players/r/roberan03.html,Andre Roberson,2014,2016,G-F,6-7,210,December 4  1991,University of Colorado
/players/r/roberbr01.html,Brian Roberts,2013,2016,G,6-1,173,December 3  1985,University of Dayton
/players/r/robinna01.html,Nate Robinson,2006,2016,G,5-9,180,May 31  1984,University of Washington
/players/r/robinth01.html,Thomas Robinson,2013,2016,F,6-10,237,March 17  1991,University of Kansas
/players/r/robingl02.html,Glenn Robinson III,2015,2016,G-F,6-7,222,January 8  1994,University of Michigan
/players/r/rondora01.html,Rajon Rondo,2007,2016,G,6-1,186,February 22  1986,University of Kentucky
/players/r/rosede01.html,Derrick Rose,2009,2016,G,6-3,190,October 4  1988,University of Memphis
/players/r/rosste01.html,Terrence Ross,2013,2016,F-G,6-7,195,February 5  1991,University of Washington
/players/r/roziete01.html,Terry Rozier,2016,2016,G,6-2,190,March 17  1994,University of Louisville
/players/r/rubiori01.html,Ricky Rubio,2012,2016,G,6-4,194,October 21  1990,
/players/r/rudezda01.html,Damjan Rudez,2015,2016,F,6-10,228,June 17  1986,
/players/r/rushbr01.html,Brandon Rush,2009,2016,G-F,6-6,210,July 7  1985,University of Kansas
/players/r/russeda01.html,D'Angelo Russell,2016,2016,G,6-5,195,February 23  1996,Ohio State University
/players/s/sacrero01.html,Robert Sacre,2013,2016,C,7-0,270,June 6  1989,Gonzaga University
/players/s/salmojo01.html,John Salmons,2003,2015,G,6-7,210,December 12  1979,University of Miami
/players/s/sampsja02.html,JaKarr Sampson,2015,2016,G-F,6-9,214,March 20  1993,St. John's University
/players/s/schrode01.html,Dennis Schroder,2014,2016,G,6-1,172,September 15  1993,
/players/s/scolalu01.html,Luis Scola,2008,2016,F,6-9,240,April 30  1980,
/players/s/scottmi01.html,Mike Scott,2013,2016,F,6-8,237,July 16  1988,University of Virginia
/players/s/sefolth01.html,Thabo Sefolosha,2007,2016,G-F,6-7,220,May 2  1984,
/players/s/serapke01.html,Kevin Seraphin,2011,2016,F,6-10,278,December 7  1989,
/players/s/sessira01.html,Ramon Sessions,2008,2016,G,6-3,190,April 11  1986,University of Nevada  Reno
/players/s/shakumu01.html,Mustafa Shakur,2011,2014,G,6-3,190,August 18  1984,University of Arizona
/players/s/shengto01.html,Tornike Shengelia,2013,2014,F,6-9,217,October 5  1991,
/players/s/shumpim01.html,Iman Shumpert,2012,2016,G,6-5,220,June 26  1990,Georgia Institute of Technology
/players/s/shvedal01.html,Alexey Shved,2013,2015,G,6-6,190,December 16  1988,
/players/s/silasxa01.html,Xavier Silas,2012,2012,G,6-5,205,January 22  1988,Northern Illinois University
/players/s/simmojo02.html,Jonathon Simmons,2016,2016,G-F,6-6,195,September 14  1989,University of Houston
/players/s/simshe01.html,Henry Sims,2013,2015,C,6-10,248,March 27  1990,Georgetown University
/players/s/singlky01.html,Kyle Singler,2013,2016,F,6-8,228,May 4  1988,Duke University
/players/s/singlch01.html,Chris Singleton,2012,2014,F,6-8,230,November 21  1989,Florida State University
/players/s/sivape01.html,Peyton Siva,2014,2014,G,6-0,185,October 24  1990,University of Louisville
/players/s/sloando01.html,Donald Sloan,2012,2016,G,6-3,205,January 15  1988,Texas A&M University
/players/s/smartma01.html,Marcus Smart,2015,2016,G,6-4,220,March 6  1994,Oklahoma State University
/players/s/smithch05.html,Chris Smith,2014,2014,G,6-2,200,October 13  1987,University of Louisville
/players/s/smithgr02.html,Greg Smith,2012,2015,C,6-10,250,January 8  1991,California State University  Fresno
/players/s/smithis01.html,Ish Smith,2011,2016,G,6-0,175,July 5  1988,Wake Forest University
/players/s/smithjr01.html,J.R. Smith,2005,2016,G-F,6-6,225,September 9  1985,
/players/s/smithja02.html,Jason Smith,2008,2016,F-C,7-0,245,March 2  1986,Colorado State University
/players/s/smithjo03.html,Josh Smith,2005,2016,F,6-9,225,December 5  1985,
/players/s/smithno01.html,Nolan Smith,2012,2013,G,6-2,185,July 25  1988,Duke University
/players/s/smithru01.html,Russ Smith,2015,2016,G,6-0,165,April 19  1991,University of Louisville
/players/s/snellto01.html,Tony Snell,2014,2016,G-F,6-7,200,November 10  1991,University of New Mexico
/players/s/southja01.html,James Southerland,2014,2014,F,6-8,215,April 28  1990,Syracuse University
/players/s/speigma01.html,Marreese Speights,2009,2016,C-F,6-10,255,August 4  1987,University of Florida
/players/s/splitti01.html,Tiago Splitter,2011,2016,F-C,6-11,245,January 1  1985,
/players/s/stausni01.html,Nik Stauskas,2015,2016,G,6-6,205,October 7  1993,University of Michigan
/players/s/stephdj01.html,D.J. Stephens,2014,2014,G-F,6-5,190,December 19  1990,University of Memphis
/players/s/stephla01.html,Lance Stephenson,2011,2016,G-F,6-5,230,September 5  1990,University of Cincinnati
/players/s/stiemgr01.html,Greg Stiemsma,2012,2015,C,6-11,260,September 26  1985,University of Wisconsin
/players/s/stockda01.html,David Stockton,2015,2015,G,5-11,165,June 24  1991,Gonzaga University
/players/s/stokeja01.html,Jarnell Stokes,2015,2016,F-C,6-9,263,January 7  1994,University of Tennessee
/players/s/stoneju01.html,Julyan Stone,2012,2014,G,6-6,200,December 7  1988,University of Texas at El Paso
/players/s/stoudam01.html,Amar'e Stoudemire,2003,2016,F-C,6-10,245,November 16  1982,
/players/s/stuckro01.html,Rodney Stuckey,2008,2016,G,6-5,205,April 21  1986,Eastern Washington University
/players/s/sullija01.html,Jared Sullinger,2013,2016,F,6-9,260,March 4  1992,Ohio State University
/players/s/summeda01.html,DaJuan Summers,2010,2013,F,6-8,230,January 24  1988,Georgetown University
/players/t/tavarwa01.html,Walter Tavares,2016,2016,C,7-3,260,March 22  1992,
/players/t/tayloje03.html,Jeffery Taylor,2013,2015,F,6-7,225,May 23  1989,Vanderbilt University
/players/t/tayloje02.html,Jermaine Taylor,2010,2011,G,6-4,210,December 8  1986,University of Central Florida
/players/t/tayloty01.html,Tyshawn Taylor,2013,2014,G,6-3,185,April 12  1990,University of Kansas
/players/t/teaguje01.html,Jeff Teague,2010,2016,G,6-2,186,June 10  1988,Wake Forest University
/players/t/teaguma01.html,Marquis Teague,2013,2014,G,6-2,189,February 28  1993,University of Kentucky
/players/t/teletmi01.html,Mirza Teletovic,2013,2016,F,6-9,242,September 18  1985,
/players/t/telfase01.html,Sebastian Telfair,2005,2015,G,6-0,165,June 9  1985,
/players/t/templga01.html,Garrett Temple,2010,2016,G,6-6,195,May 8  1986,Louisiana State University
/players/t/terryja01.html,Jason Terry,2000,2016,G,6-2,185,September 15  1977,University of Arizona
/players/t/thabeha01.html,Hasheem Thabeet,2010,2014,C,7-3,263,February 16  1987,University of Connecticut
/players/t/thomaad01.html,Adonis Thomas,2014,2014,F,6-7,200,March 25  1993,University of Memphis
/players/t/thomais02.html,Isaiah Thomas,2012,2016,G,5-9,185,February 7  1989,University of Washington
/players/t/thomala01.html,Lance Thomas,2012,2016,F,6-8,235,April 24  1988,Duke University
/players/t/thomama01.html,Malcolm Thomas,2012,2015,F,6-9,225,November 8  1988,San Diego State University
/players/t/thomaty01.html,Tyrus Thomas,2007,2015,F,6-9,215,August 17  1986,Louisiana State University
/players/t/thompho01.html,Hollis Thompson,2014,2016,G-F,6-8,206,April 3  1991,Georgetown University
/players/t/thompja02.html,Jason Thompson,2009,2016,F-C,6-11,250,July 21  1986,Rider University
/players/t/thompkl01.html,Klay Thompson,2012,2016,G,6-7,205,February 8  1990,Washington State University
/players/t/thomptr01.html,Tristan Thompson,2012,2016,F-C,6-9,238,March 13  1991,University of Texas at Austin
/players/t/thornma01.html,Marcus Thornton,2010,2016,G,6-4,205,June 5  1987,Louisiana State University
/players/t/tinslja01.html,Jamaal Tinsley,2002,2014,G,6-3,195,February 28  1978,Iowa State University
/players/t/tollian01.html,Anthony Tolliver,2009,2016,F-C,6-8,240,June 1  1985,Creighton University
/players/t/townska01.html,Karl-Anthony Towns,2016,2016,F-C,7-0,244,November 15  1995,University of Kentucky
/players/t/tskitni01.html,Nikoloz Tskitishvili,2003,2006,F,7-0,225,April 14  1983,
/players/t/tuckepj01.html,P.J. Tucker,2007,2016,F,6-6,245,May 5  1985,University of Texas at Austin
/players/t/turiaro01.html,Ronny Turiaf,2006,2015,F,6-10,249,January 13  1983,Gonzaga University
/players/t/turneev01.html,Evan Turner,2011,2016,G,6-7,220,October 27  1988,Ohio State University
/players/t/turnemy01.html,Myles Turner,2016,2016,F-C,6-11,243,March 24  1996,University of Texas at Austin
/players/t/tylerje01.html,Jeremy Tyler,2012,2014,C,6-10,260,June 21  1991,
/players/u/udohek01.html,Ekpe Udoh,2011,2015,F,6-10,240,May 20  1987,Baylor University
/players/u/udrihbe01.html,Beno Udrih,2005,2016,G,6-3,205,July 5  1982,
/players/v/valanjo01.html,Jonas Valanciunas,2013,2016,C,7-0,255,May 6  1992,
/players/v/varejan01.html,Anderson Varejao,2005,2016,F-C,6-10,273,September 28  1982,
/players/v/varnaja01.html,Jarvis Varnado,2013,2014,F,6-9,230,March 1  1988,Mississippi State University
/players/v/vasqugr01.html,Greivis Vasquez,2011,2016,G,6-6,217,January 16  1987,University of Maryland
/players/v/vaughra01.html,Rashad Vaughn,2016,2016,G,6-6,202,August 16  1996,University of Nevada  Las Vegas
/players/v/veselja01.html,Jan Vesely,2012,2014,F,6-11,240,April 24  1990,
/players/v/villach01.html,Charlie Villanueva,2006,2016,F,6-11,232,August 24  1984,University of Connecticut
/players/v/vonleno01.html,Noah Vonleh,2015,2016,F,6-10,240,August 24  1995,Indiana University
/players/v/vucevni01.html,Nikola Vucevic,2012,2016,C,7-0,260,October 24  1990,University of Southern California
/players/v/vujacsa01.html,Sasha Vujacic,2005,2016,G,6-7,195,March 8  1984,
/players/w/wadedw01.html,Dwyane Wade,2004,2016,G,6-4,220,January 17  1982,Marquette University
/players/w/waitedi01.html,Dion Waiters,2013,2016,G,6-4,225,December 10  1991,Syracuse University
/players/w/walkebi01.html,Henry Walker,2009,2015,F,6-6,220,October 9  1987,Kansas State University
/players/w/walkeke02.html,Kemba Walker,2012,2016,G,6-1,172,May 8  1990,University of Connecticut
/players/w/walljo01.html,John Wall,2011,2016,G,6-4,195,September 6  1990,University of Kentucky
/players/w/wallage01.html,Gerald Wallace,2002,2015,F,6-7,215,July 23  1982,University of Alabama
/players/w/wareca01.html,Casper Ware,2014,2014,G,5-10,175,January 17  1990,California State University  Long Beach
/players/w/warretj01.html,T.J. Warren,2015,2016,F,6-8,230,September 5  1993,North Carolina State University
/players/w/watsocj01.html,C.J. Watson,2008,2016,G,6-2,175,April 17  1984,University of Tennessee
/players/w/waynsma01.html,Maalik Wayns,2013,2014,G,6-2,200,May 2  1991,Villanova University
/players/w/wearda01.html,David Wear,2015,2015,F,6-10,230,September 21  1990,University of California  Los Angeles
/players/w/weartr01.html,Travis Wear,2015,2015,F,6-10,230,September 21  1990,University of California  Los Angeles
/players/w/webstma02.html,Martell Webster,2006,2015,G-F,6-7,230,December 4  1986,
/players/w/weemsso01.html,Sonny Weems,2009,2016,G-F,6-6,205,July 8  1986,University of Arkansas
/players/w/westda01.html,David West,2004,2016,F,6-9,250,August 29  1980,Xavier University
/players/w/westbru01.html,Russell Westbrook,2009,2016,G,6-3,200,November 12  1988,University of California  Los Angeles
/players/w/whitedj01.html,D.J. White,2009,2014,F,6-9,251,August 31  1986,Indiana University
/players/w/whitero03.html,Royce White,2014,2014,F,6-8,270,April 10  1991,Iowa State University
/players/w/whiteha01.html,Hassan Whiteside,2011,2016,C,7-0,265,June 13  1989,Marshall University
/players/w/whittsh01.html,Shayne Whittington,2015,2016,F-C,6-11,250,March 27  1991,Western Michigan University
/players/w/wiggian01.html,Andrew Wiggins,2015,2016,F-G,6-8,199,February 23  1995,University of Kansas
/players/w/wilcocj01.html,C.J. Wilcox,2015,2016,G,6-5,195,December 30  1990,University of Washington
/players/w/wilkida02.html,Damien Wilkins,2005,2013,F-G,6-6,225,January 11  1980,University of Georgia
/players/w/willide01.html,Deron Williams,2006,2016,G,6-3,200,June 26  1984,University of Illinois at Urbana-Champaign
/players/w/willide02.html,Derrick Williams,2012,2016,F,6-8,240,May 25  1991,University of Arizona
/players/w/williel01.html,Elliot Williams,2012,2016,G,6-5,190,June 20  1989,University of Memphis
/players/w/willilo02.html,Lou Williams,2006,2016,G,6-1,175,October 27  1986,
/players/w/willima04.html,Marcus Williams,2008,2009,F,6-7,205,November 18  1986,University of Arizona
/players/w/willima02.html,Marvin Williams,2006,2016,F,6-9,237,June 19  1986,University of North Carolina
/players/w/willima01.html,Mo Williams,2004,2016,G,6-1,198,December 19  1982,University of Alabama
/players/w/willire02.html,Reggie Williams,2010,2015,F,6-6,205,September 14  1986,Virginia Military Institute
/players/w/willish03.html,Shawne Williams,2007,2015,F,6-9,225,February 16  1986,University of Memphis
/players/w/winslju01.html,Justise Winslow,2016,2016,F,6-7,225,March 26  1996,Duke University
/players/w/witheje01.html,Jeff Withey,2014,2016,C,7-0,231,March 7  1990,University of Kansas
/players/w/woltena01.html,Nate Wolters,2014,2015,G,6-4,190,May 15  1991,South Dakota State University
/players/w/woodch01.html,Christian Wood,2016,2016,F,6-11,220,September 27  1995,University of Nevada  Las Vegas
/players/a/artesro01.html,Metta World Peace,2000,2016,F,6-6,260,November 13  1979,St. John's University
/players/w/wrighbr03.html,Brandan Wright,2008,2016,F,6-10,210,October 5  1987,University of North Carolina
/players/w/wrighch01.html,Chris Wright,2012,2014,F,6-8,226,September 30  1988,University of Dayton
/players/w/wrighde01.html,Delon Wright,2016,2016,G,6-5,190,April 26  1992,University of Utah
/players/w/wrighdo01.html,Dorell Wright,2005,2015,G-F,6-7,200,December 2  1985,
/players/w/wroteto01.html,Tony Wroten,2013,2016,G,6-6,205,April 13  1993,University of Washington
/players/y/youngja01.html,James Young,2015,2016,G-F,6-6,215,August 16  1995,University of Kentucky
/players/y/youngjo01.html,Joseph Young,2016,2016,G,6-2,180,June 27  1992,University of Oregon
/players/y/youngni01.html,Nick Young,2008,2016,G-F,6-7,210,June 1  1985,University of Southern California
/players/y/youngsa01.html,Sam Young,2010,2013,F,6-6,220,June 1  1985,University of Pittsburgh
/players/y/youngth01.html,Thaddeus Young,2008,2016,F,6-8,221,June 21  1988,Georgia Institute of Technology
/players/z/zelleco01.html,Cody Zeller,2014,2016,F-C,7-0,240,October 5  1992,Indiana University
/players/z/zellety01.html,Tyler Zeller,2013,2016,F-C,7-0,253,January 17  1990,University of North Carolina
